City_ID,City,Lat,Lng,Max Temp,Humidity,Cloudiness,Wind Speed,Country,Date
0,waitangi,-43.9535,-176.5597,13.59,63,7,8.04,NZ,1738029123
1,anadyr,64.75,177.4833,-33.72,73,79,5.0,RU,1738029081
2,chefchaouene,35.1688,-5.2636,10.89,98,77,2.74,MA,1738029125
3,port-aux-francais,-49.35,70.2167,5.49,82,71,17.69,TF,1738029126
4,port elizabeth,-33.918,25.5701,19.62,99,100,2.68,ZA,1738029127
5,avarua,-21.2078,-159.775,28.03,78,40,5.14,CK,1738029128
6,warmbad,-28.45,18.7333,24.94,47,78,2.13,NA,1738029129
7,dalcahue,-42.3628,-73.7022,13.06,67,0,2.06,CL,1738029130
8,coronel oviedo,-25.4167,-56.45,22.08,94,98,3.42,PY,1738029131
9,albany,42.6001,-73.9662,0.35,49,53,0.45,US,1738028866
10,bethel,41.3712,-73.414,1.48,40,0,4.63,US,1738029134
11,hithadhoo,-0.6,73.0833,27.08,80,100,7.42,MV,1738029135
12,port augusta,-32.5,137.7667,26.62,34,0,9.26,AU,1738029136
13,grytviken,-54.2811,-36.5092,3.21,95,100,4.43,GS,1738029137
14,hilo,19.7297,-155.09,25.85,80,100,5.14,US,1738029138
15,port lincoln,-34.7333,135.8667,19.32,61,100,5.92,AU,1738029139
16,iskateley,67.6803,53.1512,-10.93,96,100,3.42,RU,1738029140
17,vorgashor,67.5833,63.95,-16.47,92,100,2.17,RU,1738029141
18,eforie sud,44.0229,28.6494,7.83,82,30,3.72,RO,1738029142
19,puerto natales,-51.7236,-72.4875,7.93,90,100,5.35,CL,1738029143
20,yellowknife,62.456,-114.3525,-10.33,99,100,4.12,CA,1738029144
21,lebu,-37.6167,-73.65,13.74,76,0,9.84,CL,1738029145
22,loma de cabrera,19.4333,-71.6,21.98,86,0,0.84,DO,1738029146
23,opuwo,-18.0607,13.84,21.27,68,48,2.16,NA,1738029147
24,chibougamau,49.9168,-74.3659,-19.21,71,20,6.17,CA,1738029148
25,ulsteinvik,62.3432,5.8487,5.07,78,100,0.45,NO,1738029149
26,egilsstadir,65.2653,-14.3948,-14.05,85,0,1.54,IS,1738029150
27,tazovsky,67.4667,78.7,-26.81,92,6,5.71,RU,1738029151
28,luderitz,-26.6481,15.1594,18.52,78,22,7.95,NA,1738029153
29,invercargill,-46.4,168.35,22.97,36,47,3.62,NZ,1738029155
30,uturoa,-16.7333,-151.4333,27.94,74,6,6.55,PF,1738029156
31,blackmans bay,-43.0167,147.3167,18.62,49,17,3.13,AU,1738029158
32,nadi,-17.8,177.4167,26.0,83,75,4.12,FJ,1738029159
33,adamstown,-25.066,-130.1015,25.66,69,22,1.8,PN,1738029160
34,katsuren-haebaru,26.3369,127.8719,14.21,53,75,7.72,JP,1738029161
35,saint-tropez,43.2693,6.6398,14.57,92,100,6.04,FR,1738029162
36,yuzhno-kurilsk,44.0306,145.8556,0.65,99,100,6.51,RU,1738029163
37,qaqortoq,60.7167,-46.0333,-8.63,68,100,3.78,GL,1738029164
38,margaret river,-33.95,115.0667,24.38,43,0,2.31,AU,1738029165
39,petropavlovsk-kamchatsky,53.0452,158.6483,-7.67,63,75,4.0,RU,1738029167
40,san ignacio,17.1561,-89.0714,24.08,100,75,0.0,BZ,1738029168
41,bikenibeu village,1.3673,173.1241,29.98,74,20,7.72,KI,1738029169
42,ancud,-41.8697,-73.8203,11.56,76,30,2.52,CL,1738029170
43,wailua homesteads,22.0669,-159.378,23.44,70,75,9.26,US,1738029171
44,mata-utu,-13.2816,-176.1745,28.31,72,99,5.56,WF,1738028927
45,quellon,-43.1167,-73.6167,11.87,76,96,1.77,CL,1738029173
46,constantia,44.1833,28.65,3.38,82,9,2.9,RO,1738029174
47,tolanaro,-25.0319,46.9987,25.04,88,40,2.06,MG,1738029175
48,spirit lake,43.4222,-95.1022,0.68,62,6,0.89,US,1738029176
49,vokhtoga,58.8147,41.0461,1.59,98,100,4.46,RU,1738029177
50,college,64.8569,-147.8028,-3.01,72,100,7.72,US,1738028972
51,kurmuk,10.55,34.2833,20.62,37,6,1.85,SD,1738029179
52,chonchi,-42.6128,-73.8092,8.84,84,41,1.1,CL,1738029180
53,ushuaia,-54.8,-68.3,8.81,61,40,10.29,AR,1738029141
54,georgetown,5.4112,100.3354,26.96,58,20,1.54,MY,1738029182
55,turpan,42.9333,89.1667,-7.77,58,93,0.75,CN,1738029183
56,aral,40.5156,81.2636,-6.55,31,0,0.39,CN,1738029184
57,isafjordur,66.0755,-23.124,-4.66,90,100,3.45,IS,1738029185
58,san antonio de pale,-1.4014,5.6325,27.16,76,19,1.85,GQ,1738029186
59,tiksi,71.6872,128.8694,-25.96,93,96,11.01,RU,1738029188
60,ivankovo,45.2886,18.6839,7.91,72,19,3.6,HR,1738029189
61,la passe,45.5549,-0.8967,8.99,75,90,13.61,FR,1738029190
62,sosnogorsk,63.6023,53.8817,-7.38,95,100,3.94,RU,1738029191
63,udachny,66.4167,112.4,-18.63,95,100,6.58,RU,1738029192
64,talnakh,69.4865,88.3972,-28.71,95,28,3.11,RU,1738029193
65,st. john's,47.5649,-52.7093,-3.35,86,40,4.63,CA,1738029194
66,ishigaki,24.3448,124.1572,14.07,58,75,8.23,JP,1738029195
67,tara,56.8944,74.371,-12.8,96,98,2.99,RU,1738029196
68,hamilton,39.1834,-84.5333,0.79,52,0,5.14,US,1738029197
69,pisco,-13.7,-76.2167,22.03,78,0,7.72,PE,1738029198
70,bamboo flat,11.7,92.7167,27.05,83,75,3.09,IN,1738029199
71,kavaratti,10.5669,72.642,26.37,64,89,1.32,IN,1738029200
72,debre sina,9.85,39.7667,8.26,82,5,0.56,ET,1738029201
73,margate,51.3813,1.3862,8.26,78,100,0.89,GB,1738029202
74,iqaluit,63.7506,-68.5145,-19.15,84,100,1.03,CA,1738029203
75,komsomol'skiy,43.9783,46.6985,4.12,77,39,5.38,RU,1738029205
76,verkhnevilyuysk,63.4453,120.3167,-37.03,100,50,1.01,RU,1738029206
77,saipan,15.1355,145.701,31.39,72,40,7.2,MP,1738029207
78,wellston,39.1234,-82.5329,-0.06,66,3,5.15,US,1738029208
79,bilibino,68.0546,166.4372,-39.91,99,88,0.91,RU,1738029209
80,arraial do cabo,-22.9661,-42.0278,23.93,91,100,3.93,BR,1738029210
81,bafoulabe,13.8065,-10.8321,28.86,12,0,4.13,ML,1738029211
82,muroto-misakicho,33.2833,134.15,8.41,60,3,11.59,JP,1738028928
83,ribeira grande,38.5167,-28.7,16.54,72,40,5.81,PT,1738029213
84,susanville,40.4163,-120.653,-0.09,50,0,2.06,US,1738029151
85,kimbe,-5.5502,150.1429,32.12,56,98,2.7,PG,1738029215
86,papatowai,-46.5619,169.4708,21.5,40,30,4.01,NZ,1738029216
87,kapa'a,22.0752,-159.319,24.18,70,75,9.26,US,1738029217
88,cidreira,-30.1811,-50.2056,24.37,82,100,7.68,BR,1738029218
89,olonkinbyen,70.9221,-8.7187,-3.25,93,90,3.21,SJ,1738029219
90,sitka,57.0531,-135.33,6.94,76,75,4.12,US,1738029220
91,tralee,52.2704,-9.7026,7.89,85,100,10.26,IE,1738029221
92,west island,-12.1568,96.8225,28.99,84,100,2.57,CC,1738029222
93,westport,41.1415,-73.3579,2.17,52,0,6.17,US,1738029223
94,khorugh,37.4897,71.553,-15.76,75,100,1.49,TJ,1738029225
95,cuamba,-14.8031,36.5372,20.59,98,100,1.53,MZ,1738029226
96,utrik,11.2278,169.8474,26.57,82,14,9.48,MH,1738029227
97,flin flon,54.7682,-101.865,-11.42,96,100,3.15,CA,1738029228
98,uliastay,47.7417,96.8444,-19.68,81,82,2.89,MN,1738029229
99,port mathurin,-19.6833,63.4167,26.25,79,91,4.88,MU,1738029230
100,isla mujeres,21.2311,-86.731,25.05,79,3,4.51,MX,1738029231
101,queenstown,-31.8976,26.8753,18.93,91,100,1.5,ZA,1738029232
102,punta arenas,-53.15,-70.9167,10.06,62,20,12.35,CL,1738029105
103,edinburgh of the seven seas,-37.0676,-12.3116,18.86,90,100,6.55,SH,1738029234
104,rocha,-34.4833,-54.3333,20.25,84,67,5.04,UY,1738029235
105,richards bay,-28.783,32.0377,22.34,89,3,1.91,ZA,1738029236
106,port blair,11.6667,92.75,27.02,83,75,3.09,IN,1738029237
107,camana,-16.6228,-72.7111,21.76,85,100,1.53,PE,1738029238
108,missoula,47.0166,-113.8009,-11.61,71,23,0.97,US,1738029131
109,ribas do rio pardo,-20.4431,-53.7592,23.71,88,98,0.64,BR,1738029240
110,sabang,5.8933,95.3214,27.27,81,99,9.09,ID,1738029241
111,klyuchi,52.2667,79.1667,-15.14,89,100,5.06,RU,1738029242
112,argo,37.6333,22.7333,10.21,80,0,1.21,GR,1738029244
113,sao miguel do araguaia,-13.275,-50.1628,23.75,85,15,0.61,BR,1738029246
114,tototlan,20.55,-102.8,19.5,39,98,1.2,MX,1738029247
115,kavieng,-2.5744,150.7967,30.16,62,5,5.24,PG,1738029248
116,dofteana,46.3167,26.5167,6.61,61,46,2.74,RO,1738029249
117,hami,42.8,93.45,-9.34,57,15,2.92,CN,1738029250
118,igarka,67.4667,86.5833,-31.95,93,5,2.3,RU,1738029251
119,aasiaat,68.7098,-52.8699,-25.24,87,26,3.47,GL,1738029252
120,jordbro,59.1497,18.1167,3.8,96,35,0.45,SE,1738029253
121,havre,49.5833,0.3333,7.87,76,100,10.29,FR,1738029254
122,longyearbyen,78.2186,15.6401,-0.09,69,75,8.75,SJ,1738029255
123,saldanha,-33.0117,17.9442,19.1,80,2,5.03,ZA,1738029256
124,jalai nur,49.45,117.7,-19.65,92,94,2.22,CN,1738029257
125,lubang,13.8584,120.124,25.61,75,100,10.41,PH,1738029258
126,jamestown,42.097,-79.2353,-1.91,50,0,11.83,US,1738029259
127,saudarkrokur,65.7461,-19.6394,-10.23,78,81,1.12,IS,1738029261
128,afaahiti,-17.75,-149.2833,26.4,77,6,6.97,PF,1738029262
129,nenagh bridge,52.8817,-8.1958,6.41,93,100,7.16,IE,1738029263
130,yei,4.095,30.6779,20.27,33,5,1.22,SS,1738029264
131,raja,8.4596,25.678,17.1,22,0,2.44,SS,1738029265
132,kone,-21.0595,164.8658,31.72,56,84,2.01,NC,1738029267
133,corinto,37.9407,22.9573,10.91,86,0,1.21,GR,1738029268
134,chestertown,39.209,-76.0666,2.84,68,0,3.81,US,1738029269
135,sao joao da barra,-21.6403,-41.0511,24.96,90,100,0.99,BR,1738029270
136,pimentel,-6.8367,-79.9342,23.16,78,0,7.2,PE,1738029271
137,enewetak,11.3474,162.3373,27.19,80,55,8.66,MH,1738029272
138,langtoucun,40.0261,124.3286,-7.51,69,98,6.86,CN,1738029273
139,tidjikja,18.5564,-11.4271,22.06,13,0,7.75,MR,1738029276
140,kingston,17.997,-76.7936,26.53,74,20,2.57,JM,1738029277
141,uba,-21.12,-42.9428,22.59,94,100,1.13,BR,1738029278
142,aberdeen,57.1437,-2.0981,5.27,93,100,2.06,GB,1738029279
143,vilyuchinsk,52.9306,158.4028,-6.85,84,100,0.73,RU,1738029280
144,walvis bay,-22.9575,14.5053,17.83,90,61,2.61,NA,1738029282
145,laguna,38.421,-121.4238,11.73,55,2,0.45,US,1738029283
146,ilulissat,69.2167,-51.1,-13.99,47,54,1.54,GL,1738029284
147,alesund,62.4723,6.1549,5.08,72,40,2.57,NO,1738029285
148,selfoss,63.9331,-20.9971,-5.55,83,100,4.37,IS,1738029286
149,sijunjung,-0.6876,100.9537,23.54,96,100,0.58,ID,1738029288
150,port alfred,-33.5906,26.891,20.66,100,100,0.89,ZA,1738029289
151,olyokminsk,60.3736,120.4264,-25.95,95,100,0.69,RU,1738029290
152,okha,53.5739,142.9478,-10.58,90,100,7.07,RU,1738029291
153,minot,48.2325,-101.2963,-0.88,74,100,6.69,US,1738029292
154,spring creek,40.7266,-115.5859,-1.22,50,5,2.01,US,1738029294
155,ulladulla,-35.35,150.4667,24.7,72,10,9.62,AU,1738029295
156,pyhajarvi,67.0701,27.2176,-6.45,99,100,2.0,FI,1738029296
157,santa elena de uairen,4.6167,-61.1333,20.26,80,80,1.0,VE,1738029297
158,la manga del mar menor,37.6413,-0.7165,18.47,40,0,6.26,ES,1738029298
159,la ligua,-32.4524,-71.2311,19.77,74,0,1.31,CL,1738029299
160,haiku-pauwela,20.9219,-156.3051,21.81,86,100,5.66,US,1738029300
161,kayangel,8.0823,134.7173,26.12,89,100,7.48,PW,1738029301
162,dunedin,-45.8742,170.5036,18.78,66,8,4.92,NZ,1738029302
163,miragoane,18.4423,-73.0876,26.29,76,4,2.09,HT,1738029304
164,nagqu,31.5,92.0,-11.82,16,0,0.22,CN,1738029305
165,cole harbour,44.6724,-63.4751,0.71,69,73,8.94,CA,1738029306
166,holbrook,40.8123,-73.0784,3.2,71,0,4.63,US,1738029307
167,fale old settlement,-9.3852,-171.2468,28.29,72,60,5.1,TK,1738029308
168,gadzhiyevo,69.2551,33.3362,-6.53,86,100,4.67,RU,1738029309
169,chinde,26.8212,87.7095,15.7,58,0,1.53,NP,1738029310
170,napier,-39.4833,176.9167,19.6,46,100,3.13,NZ,1738029311
171,lasem,-6.6922,111.4527,25.52,87,100,0.95,ID,1738029312
172,fort st. john,56.2499,-120.8529,4.94,45,75,9.26,CA,1738029212
173,isabela,6.7085,121.9711,30.03,76,100,4.02,PH,1738029314
174,sarkisla,39.3519,36.4098,-1.23,63,1,1.46,TR,1738029315
175,weno,7.4515,151.8468,29.97,84,75,6.17,FM,1738029316
176,bredasdorp,-34.5322,20.0403,19.5,76,100,7.57,ZA,1738029317
177,santa vitoria do palmar,-33.5189,-53.3681,20.5,89,32,3.1,BR,1738029318
178,hawaiian paradise park,19.5933,-154.9731,25.73,78,100,5.14,US,1738029319
179,puerto ayora,-0.7393,-90.3518,24.75,97,97,1.79,EC,1738029321
180,bereeda,11.8704,51.0579,21.02,80,92,1.49,SO,1738029322
181,meadow lakes,61.6247,-149.6011,-2.6,69,0,7.2,US,1738029323
182,corpus christi,27.8006,-97.3964,13.13,93,100,4.63,US,1738029324
183,whitehorse,60.7161,-135.0538,0.57,43,20,8.75,CA,1738029243
184,sekong,-6.3996,106.0252,26.39,87,73,2.75,ID,1738029326
185,padang,-0.9492,100.3543,24.03,83,100,1.68,ID,1738029327
186,savanna-la-mar,18.219,-78.1332,25.52,89,37,0.97,JM,1738029328
187,bandar abbas,27.1865,56.2808,15.99,72,75,3.09,IR,1738029329
188,jericho,31.8667,35.45,15.92,74,67,3.32,PS,1738029330
189,rajgir,25.0333,85.4167,11.44,46,0,2.39,IN,1738029331
190,mazamari,-11.3258,-74.5308,21.29,93,90,1.03,PE,1738029332
191,stanley,54.868,-1.6985,4.18,89,100,1.03,GB,1738029333
192,nuuk,64.1835,-51.7216,-5.66,58,75,1.54,GL,1738029334
193,krasnyy chikoy,50.3643,108.7512,-27.01,99,100,0.33,RU,1738029335
194,mejit,10.2753,170.8646,26.41,85,97,9.66,MH,1738029336
195,coquimbo,-29.9533,-71.3436,16.85,88,0,2.57,CL,1738029337
196,ciudad sabinas hidalgo,26.5,-100.1667,12.46,90,100,1.67,MX,1738029339
197,kununurra,-15.7667,128.7333,33.99,59,100,1.03,AU,1738029340
198,hunchun,42.8675,130.3581,-4.2,79,100,2.6,CN,1738029341
199,port macquarie,-31.4333,152.9167,28.37,76,31,3.58,AU,1738029342
200,ambalangoda,6.2355,80.0538,26.66,82,100,0.92,LK,1738029343
201,cabo san lucas,22.8909,-109.9124,22.64,59,40,2.12,MX,1738029344
202,praia da vitoria,38.7333,-27.0667,12.14,82,20,3.47,PT,1738029345
203,lazaro cardenas,17.9583,-102.2,24.66,85,100,0.32,MX,1738029346
204,pangody,65.85,74.4859,-21.25,92,100,5.74,RU,1738029347
205,ola,59.5833,151.2833,-22.05,74,0,2.6,RU,1738029348
206,brookings,44.3114,-96.7984,0.03,75,0,3.6,US,1738029349
207,taitung city,22.7583,121.1444,15.15,58,75,6.17,TW,1738029054
208,glace bay,46.1969,-59.957,-1.23,83,75,4.12,CA,1738029351
209,tughyl,47.7252,84.2063,-17.79,89,94,2.24,KZ,1738029352
210,lossiemouth,57.7214,-3.2834,5.95,85,75,6.17,GB,1738029355
211,tura,25.5198,90.2201,17.0,58,0,0.76,IN,1738029356
212,touros,-5.1989,-35.4608,26.06,78,2,2.76,BR,1738029357
213,cabedelo,-6.9811,-34.8339,26.37,84,2,2.65,BR,1738029358
214,sur,22.5667,59.5289,19.13,52,50,1.03,OM,1738029359
215,hermanus,-34.4187,19.2345,18.78,79,100,9.5,ZA,1738029360
216,forster,-32.1667,152.5167,34.1,66,100,7.22,AU,1738029361
217,mareeba,-17.0,145.4333,22.95,96,100,1.57,AU,1738029363
218,lompoc,34.6391,-120.4579,13.4,64,0,4.63,US,1738029365
219,dunay,42.8803,132.3375,-5.03,82,100,8.24,RU,1738029367
220,sardinata,8.0829,-72.8007,24.27,69,91,2.48,CO,1738029368
221,ust-nera,64.5667,143.2,-38.37,97,62,2.19,RU,1738029369
222,guangyuan,32.442,105.823,5.52,35,2,1.13,CN,1738029370
223,lamar,33.6668,-95.5836,6.95,87,0,0.0,US,1738029371
224,kupang,-10.1667,123.5833,29.32,84,40,2.06,ID,1738029372
225,kruisfontein,-34.0033,24.7314,18.62,96,100,6.01,ZA,1738029373
226,fereydun kenar,36.6864,52.5225,8.69,76,100,2.66,IR,1738029374
227,villa gesell,-37.2639,-56.973,19.93,84,41,5.88,AR,1738029375
228,north haven,41.3909,-72.8595,2.12,51,0,4.12,US,1738029376
229,mont-laurier,46.5501,-75.4993,-4.44,95,100,4.98,CA,1738029377
230,ciudad victoria,23.7333,-99.1333,18.73,72,100,3.09,MX,1738029378
231,atafu village,-8.5421,-172.5159,28.33,70,8,5.66,TK,1738029379
232,iwanai,42.9744,140.5089,1.71,71,38,2.17,JP,1738029380
233,dali,25.7,100.1833,4.36,99,99,1.49,CN,1738029381
234,kirakira,-10.4544,161.9205,25.92,95,100,3.06,SB,1738029382
235,preobrazheniye,42.9019,133.9064,-1.68,75,100,9.74,RU,1738029383
236,keflavik,64.0049,-22.5624,-0.76,100,100,6.69,IS,1738029384
237,nar'yan-mar,67.6713,53.087,-10.8,96,100,3.45,RU,1738029386
238,sola,-13.8833,167.55,27.13,83,100,8.65,VU,1738029387
239,dolgoprudnyy,55.9041,37.5606,4.29,93,75,5.0,RU,1738029389
240,tekkali,18.6167,84.2333,22.29,77,81,1.84,IN,1738029390
241,siracusa,37.0881,15.2792,12.4,67,100,0.89,IT,1738029391
242,wurtulla,-26.7568,153.1256,30.03,60,0,1.79,AU,1738029392
243,harper,4.375,-7.7169,26.24,83,100,2.09,LR,1738029393
244,sarmiento,-45.5882,-69.07,13.54,49,7,13.76,AR,1738029394
245,maceio,-9.6658,-35.7353,25.69,94,40,1.54,BR,1738029395
246,kargasok,59.0556,80.8572,-11.83,89,100,5.99,RU,1738029396
247,winnemucca,40.973,-117.7357,3.03,23,0,3.09,US,1738029397
248,nova sintra,14.8667,-24.7167,22.73,78,0,7.93,CV,1738029398
249,tsiombe,-25.3,45.4833,23.55,96,100,2.56,MG,1738029399
250,daru,-9.0763,143.2092,31.28,68,90,2.15,PG,1738029400
251,pandua,23.0833,88.2833,15.98,34,0,1.21,IN,1738029401
252,bitam,2.076,11.5007,19.68,99,33,1.33,GA,1738029403
253,aykhal,66.0,111.5,-26.64,100,93,2.46,RU,1738029404
254,colesberg,-30.72,25.0972,19.03,74,100,4.44,ZA,1738029405
255,payson,40.0444,-111.7321,-3.19,72,2,0.89,US,1738029406
256,musoma,-1.5,33.8,20.33,75,91,0.69,TZ,1738029407
257,mount gambier,-37.8333,140.7667,21.58,40,0,4.66,AU,1738029398
258,susuman,62.7833,148.1667,-40.74,94,66,0.8,RU,1738029409
259,cruz del eje,-30.7264,-64.8039,26.15,59,86,5.42,AR,1738029410
260,bereznik,62.8551,42.7072,-1.54,97,100,2.76,RU,1738029411
261,manta,-0.95,-80.7333,26.88,65,40,4.63,EC,1738029412
262,el abiodh sidi cheikh,32.893,0.5484,12.25,38,1,1.43,DZ,1738029413
263,tangalle,6.024,80.7911,23.79,74,100,4.05,LK,1738029414
264,huilong,31.8111,121.655,2.14,26,0,6.0,CN,1738029415
265,badger,64.8,-147.5333,-3.05,79,75,7.72,US,1738029416
266,prince rupert,54.3161,-130.3201,2.83,92,100,1.54,CA,1738029417
267,nouadhibou,20.931,-17.0347,17.99,72,0,6.69,MR,1738029418
268,bel ombre,-4.6167,55.4167,24.91,100,0,1.54,SC,1738029419
269,muravlenko,63.7898,74.523,-19.87,100,91,4.67,RU,1738029420
270,rio preto da eva,-2.6994,-59.6997,25.58,78,100,0.73,BR,1738029422
271,portland,45.5234,-122.6762,7.22,52,0,2.24,US,1738029423
272,waddan,29.1614,16.139,11.98,50,0,0.84,LY,1738029424
273,malango,-2.9627,119.9001,26.33,69,99,1.32,ID,1738029425
274,puerto aysen,-45.4,-72.7,10.32,99,100,2.4,CL,1738029426
275,barra de santo antonio,-9.4047,-35.5072,25.87,83,100,4.07,BR,1738029427
276,esperanza,19.5847,-70.9849,23.5,89,2,2.24,DO,1738029428
277,puerto lempira,15.2667,-83.7667,24.81,90,0,3.33,HN,1738029429
278,namibe,-15.1961,12.1522,23.67,79,99,2.41,AO,1738029430
279,zharkent,44.1628,80.0,-7.61,68,17,1.3,KZ,1738029431
280,darnah,32.767,22.6367,14.05,82,93,3.45,LY,1738029432
281,el bauga,18.262,33.9081,15.37,26,2,5.24,SD,1738029433
282,rio de janeiro,-22.9028,-43.2075,25.0,89,75,2.57,BR,1738029216
283,polyarnyy,69.1989,33.4478,-5.84,83,100,4.76,RU,1738029435
284,tataouine,32.9297,10.4518,13.78,46,70,5.33,TN,1738029436
285,nchelenge,-9.3451,28.734,20.61,86,100,3.13,ZM,1738029437
286,changji,44.0167,87.3167,-19.56,84,98,1.0,CN,1738029438
287,nuku'alofa,-21.1333,-175.2,29.19,79,75,2.57,TO,1738029439
288,marquette,46.5333,-87.6335,-6.46,80,100,2.24,US,1738029441
289,vadso,70.0744,29.7487,-3.91,80,20,7.72,NO,1738029442
290,korla,41.7597,86.1469,-11.02,92,100,0.57,CN,1738029443
291,campbell river,50.0163,-125.2446,1.36,86,20,1.03,CA,1738029444
292,colonia,50.9333,6.95,8.31,77,20,4.63,DE,1738029445
293,el sauzal de rodriguez,31.9,-116.6833,11.9,100,11,0.32,MX,1738029446
294,zell am see,47.3256,12.7944,4.18,62,73,2.66,AT,1738029447
295,christchurch,-43.5333,172.6333,21.29,61,0,8.75,NZ,1738029448
296,paracuru,-3.41,-39.0306,24.99,90,10,3.79,BR,1738029449
297,gospic,44.5461,15.3747,8.75,91,100,7.89,HR,1738029450
298,guerrero negro,27.9769,-114.0611,13.99,68,5,5.78,MX,1738029451
299,ivdel',60.6911,60.4206,-17.58,97,100,0.76,RU,1738029452
300,francistown,-21.17,27.5079,19.14,73,6,5.14,BW,1738029453
301,new norfolk,-42.7826,147.0587,19.95,37,0,6.06,AU,1738029454
302,hammerfest,70.6634,23.6821,-0.75,55,92,4.12,NO,1738029455
303,nizhnevartovsk,60.9344,76.5531,-12.99,85,100,6.0,RU,1738029457
304,bauan,13.8,120.9833,25.59,67,88,5.38,PH,1738029458
305,salmon arm,50.6998,-119.3024,-2.38,80,11,0.51,CA,1738029459
306,mhasvad,17.6333,74.7833,20.59,44,100,1.48,IN,1738029460
307,baise city,23.8997,106.6133,14.66,25,89,0.94,CN,1738029461
308,nyirbator,47.8333,22.1333,8.98,73,100,5.83,HU,1738029462
309,palpala,-24.2565,-65.2116,23.57,94,40,0.0,AR,1738029463
310,young,-32.6833,-57.6333,24.53,42,4,3.35,UY,1738029464
311,east london,-33.0153,27.9116,22.62,92,100,4.15,ZA,1738029465
312,chateau-d'olonne,46.5038,-1.741,8.96,77,1,15.76,FR,1738029466
313,broken hill,-31.95,141.4333,28.62,25,1,7.98,AU,1738029467
314,paraiso,9.8383,-83.8656,19.17,85,85,3.03,CR,1738029468
315,tambacounda,13.7539,-13.7586,27.03,32,0,3.09,SN,1738029469
316,concepcion del oro,24.6333,-101.4167,15.19,30,99,2.63,MX,1738029470
317,lata,40.1629,-8.3327,7.87,83,100,7.77,PT,1738029471
318,berkane,34.9084,-2.3461,15.85,82,56,4.09,MA,1738029472
319,xining,36.6167,101.7667,-10.06,56,0,0.82,CN,1738029473
320,oranjemund,-28.55,16.4333,17.83,88,100,1.62,NA,1738029476
321,kodiak,57.79,-152.4072,-0.27,59,0,3.09,US,1738029477
322,yaren,-0.5472,166.916,27.78,72,100,8.73,NR,1738029478
323,konarka,19.9,86.1167,22.73,73,13,1.1,IN,1738029479
324,sinjai,-5.1241,120.253,27.1,79,100,1.95,ID,1738029480
325,gizo,-8.103,156.8419,27.58,73,100,2.56,SB,1738029481
326,prado,-17.3411,-39.2208,25.46,87,100,3.87,BR,1738029482
327,tatarsk,55.219,75.9828,-12.93,95,100,4.48,RU,1738029483
328,leava,-14.3,-178.1667,26.78,79,100,5.43,WF,1738029484
329,thompson,55.7435,-97.8558,-21.91,77,75,0.0,CA,1738029485
330,tchintabaraden,15.8969,5.7985,18.85,19,65,5.16,NE,1738029486
331,roxas city,11.5853,122.7511,25.49,83,100,6.44,PH,1738029487
332,vorkuta,67.5,64.0,-16.49,93,100,1.79,RU,1738029489
333,howrah,22.5892,88.3103,14.0,88,0,1.54,IN,1738029491
334,rabo de peixe,37.8,-25.5833,14.73,72,20,5.14,PT,1738029492
335,la ronge,55.1001,-105.2842,-3.86,86,100,2.06,CA,1738029493
336,san jose de jachal,-30.2406,-68.7469,21.31,72,99,7.37,AR,1738029494
337,calheta,32.7167,-17.1833,18.73,78,100,1.34,PT,1738029495
338,zouerate,22.7187,-12.4521,18.55,18,0,3.81,MR,1738029497
339,nadym,65.5333,72.5167,-21.47,98,84,4.45,RU,1738029498
340,taroa,8.7058,171.2275,26.7,83,48,9.74,MH,1738029499
341,codrington,-38.2667,141.9667,20.05,48,0,6.37,AU,1738029500
342,marka,1.7159,44.7717,23.78,81,7,6.42,SO,1738029501
343,shingu,33.7333,135.9833,8.57,48,5,5.19,JP,1738029502
344,sagua la grande,22.8067,-80.0756,22.98,79,97,4.84,CU,1738029503
345,mazagao,-0.115,-51.2894,23.72,93,100,1.59,BR,1738029504
346,berezovyy,51.6667,135.7,-12.13,85,100,2.5,RU,1738029506
347,las vegas,36.175,-115.1372,12.38,24,100,2.57,US,1738029300
348,bangkalan,-7.0455,112.7351,24.95,92,100,2.25,ID,1738029508
349,fisterra,42.9049,-9.2629,11.09,64,96,17.75,ES,1738029509
350,clinton,42.587,-82.9199,3.18,58,100,8.23,US,1738029510
351,minas de marcona,-15.2119,-75.1103,17.41,80,100,3.88,PE,1738029511
352,tuy hoa,13.0833,109.3,20.29,88,97,4.29,VN,1738029512
353,nicoya,10.1483,-85.452,24.94,72,3,4.92,CR,1738029513
354,itoman,26.1247,127.6694,14.21,54,75,8.75,JP,1738029514
355,kapuskasing,49.4169,-82.4331,-16.95,71,100,7.72,CA,1738029515
356,isola di capo rizzuto,38.96,17.0933,12.95,71,81,5.57,IT,1738029516
357,puerto baquerizo moreno,-0.9,-89.6,24.28,86,42,3.18,EC,1738029517
358,nguigmi,14.2495,13.1092,18.96,25,65,5.57,NE,1738029518
359,greenville,35.6127,-77.3663,8.01,99,100,3.09,US,1738029519
360,n'dalatando,-9.2978,14.9116,19.26,95,100,1.22,AO,1738029520
361,sandnessjoen,66.0217,12.6316,-0.47,69,100,10.69,NO,1738029521
362,wewak,-3.5534,143.6268,30.6,62,41,3.04,PG,1738029522
363,palikir - national government center,6.9248,158.1611,30.41,74,100,3.09,FM,1738029523
364,shar,49.5886,81.0453,-12.52,86,100,3.93,KZ,1738029525
365,amga,60.8953,131.9608,-32.84,97,99,0.71,RU,1738029526
366,carnarvon,-24.8667,113.6333,34.01,46,20,3.01,AU,1738029527
367,basco,20.4487,121.9702,19.56,73,100,14.95,PH,1738029528
368,aktau,43.65,51.2,-1.68,81,6,3.62,KZ,1738029529
369,colonia menno,-22.3667,-59.8167,31.17,48,100,4.86,PY,1738029530
370,mahuta,-10.8667,39.45,21.08,96,97,1.3,TZ,1738029531
371,labytnangi,66.6572,66.4183,-20.93,98,100,2.93,RU,1738029532
372,estancia,-11.2683,-37.4383,24.58,87,93,1.9,BR,1738029533
373,bandarbeyla,9.4942,50.8122,21.8,85,60,5.67,SO,1738029534
374,toliara,-23.35,43.6667,25.54,94,100,7.44,MG,1738029535
375,irymple,-34.25,142.1667,25.61,38,0,3.58,AU,1738029536
376,aljezur,37.3191,-8.8033,13.46,74,20,7.06,PT,1738029537
377,kasama,-10.2129,31.1808,16.65,93,100,1.57,ZM,1738029538
378,turgen,43.4006,77.5933,-4.29,63,88,3.51,KZ,1738029539
379,airuk,7.2772,168.8203,27.26,83,93,10.67,MH,1738029540
380,mugia,43.1041,-9.2179,8.84,69,81,16.73,ES,1738029542
381,betio village,1.358,172.9211,30.02,80,79,8.18,KI,1738029543
382,saint-pierre,-21.3393,55.4781,26.82,65,0,3.09,RE,1738029544
383,brisas de zicatela,15.8369,-97.0419,24.52,79,99,1.31,MX,1738029545
384,riberalta,-10.9833,-66.1,24.77,78,30,1.38,BO,1738029546
385,sydney mines,46.2367,-60.2177,-0.56,85,75,4.12,CA,1738029547
386,kozhevnikovo,56.2589,83.9714,-10.74,92,100,2.26,RU,1738029548
387,fredericton,45.9454,-66.6656,-1.43,71,100,7.72,CA,1738029549
388,afikpo,5.8931,7.9374,24.34,86,11,1.72,NG,1738029550
389,lihue,21.9789,-159.3672,23.77,60,75,9.26,US,1738029551
390,ad dawadimi,24.5077,44.3924,9.64,80,0,4.52,SA,1738029552
391,oberkirch,48.5324,8.0786,8.83,90,100,0.45,DE,1738029553
392,monte alegre de minas,-18.8706,-48.8808,21.64,88,100,2.23,BR,1738029554
393,vila franca do campo,37.7167,-25.4333,15.23,81,4,2.19,PT,1738029555
394,ataq,14.5377,46.8319,17.16,72,4,2.45,YE,1738029556
395,humahuaca,-23.2054,-65.3505,15.69,72,84,2.14,AR,1738029557
396,taltal,-25.4,-70.4833,19.61,83,11,1.85,CL,1738029558
397,maumere,-8.6199,122.2111,26.3,87,100,1.76,ID,1738029560
398,athi river,-1.4507,36.9824,18.71,88,75,1.54,KE,1738029561
399,bengkulu,-3.8004,102.2655,25.38,83,99,0.88,ID,1738029562
400,antofagasta,-23.65,-70.4,20.6,85,63,1.83,CL,1738029286
401,luanda,-8.8368,13.2343,24.48,87,76,2.25,AO,1738029271
402,severo-yeniseyskiy,60.3725,93.0408,-34.54,100,38,1.92,RU,1738029565
403,minab,27.1467,57.0801,18.03,68,14,2.74,IR,1738029566
404,bridgewater,44.3835,-64.5155,-0.18,73,80,8.23,CA,1738029567
405,callao,-12.0667,-77.15,24.84,83,0,5.14,PE,1738029568
406,pocoes,-14.5297,-40.3653,18.29,96,17,1.78,BR,1738029569
407,lagoa nova,-6.1,-36.4833,21.12,88,13,3.78,BR,1738029570
408,huadian,42.9633,126.7478,-7.35,93,100,3.16,CN,1738029571
409,mersa matruh,31.3525,27.2453,15.11,88,40,0.0,EG,1738029572
410,jinghong,21.991,100.7341,11.48,67,100,0.47,CN,1738029573
411,arica,-18.475,-70.3042,21.13,73,0,2.06,CL,1738029574
412,kailua-kona,19.6406,-155.9956,26.98,75,0,3.09,US,1738029345
413,agde,43.3108,3.4758,9.02,91,0,6.17,FR,1738029576
414,santa marta,11.2408,-74.199,29.03,61,23,5.66,CO,1738029577
415,qamdo,31.1667,97.2333,-7.12,13,99,0.66,CN,1738029579
416,cooper's town,26.8667,-77.5167,19.6,64,43,0.93,BS,1738029580
417,beledweyne,4.7358,45.2036,21.94,75,81,3.22,SO,1738029581
418,xilin hot,43.9667,116.0333,-20.83,80,12,2.3,CN,1738029582
419,alofi,-19.0595,-169.9187,25.94,89,75,1.54,NU,1738029583
420,ventspils,57.3894,21.5606,5.96,100,100,3.09,LV,1738029584
421,kencong,-8.2833,113.3667,26.98,81,96,1.22,ID,1738029585
422,gebeit,21.0667,36.3167,12.17,80,3,2.03,SD,1738029586
423,vrangel',42.7297,133.0839,0.16,61,88,9.93,RU,1738029587
424,kinel'-cherkassy,53.4706,51.4743,0.23,94,100,6.03,RU,1738029588
425,elumalai,9.8667,77.7,20.38,82,96,0.52,IN,1738029589
426,balabac,7.9868,117.0645,27.38,74,100,5.2,PH,1738029590
427,nabire,-3.3667,135.4833,28.8,74,88,1.85,ID,1738029591
428,wynyard,-41.0,145.7167,20.1,52,46,1.79,AU,1738029592
429,happy valley-goose bay,53.3168,-60.3315,-9.83,79,100,5.66,CA,1738029593
430,chany,55.3121,76.7647,-12.75,95,100,4.24,RU,1738029594
431,constitucion,-35.3333,-72.4167,15.12,72,0,5.03,CL,1738029596
432,buka,40.8108,69.1986,2.3,66,100,0.62,UZ,1738029597
433,sangsong-ni,39.1694,126.8856,-8.69,72,80,3.92,KP,1738029598
434,undurkhaan,47.3194,110.6556,-21.42,87,18,1.72,MN,1738029599
435,sebring,27.4956,-81.4409,16.84,71,0,0.89,US,1738029600
436,faya-largeau,17.9257,19.1043,17.61,21,32,7.76,TD,1738029601
437,barra do garcas,-15.89,-52.2567,22.95,91,100,0.81,BR,1738029602
438,lethem,3.3803,-59.7968,27.43,56,48,2.94,GY,1738029603
439,mil'kovo,55.6078,37.7956,4.24,72,100,3.2,RU,1738029604
440,sovetskaya gavan',48.9723,140.2878,-9.26,92,100,8.26,RU,1738029605
441,kendari,-3.945,122.4989,26.99,82,100,1.23,ID,1738029606
442,courtenay,49.6866,-124.9936,4.11,65,20,1.03,CA,1738029607
443,rehoboth,-23.3167,17.0833,24.99,41,100,3.19,NA,1738029608
444,orchard homes,46.8633,-114.0484,-7.45,77,1,0.89,US,1738029609
445,sisimiut,66.9395,-53.6735,-13.55,66,88,5.43,GL,1738029334
446,luganville,-15.5333,167.1667,29.53,75,100,3.71,VU,1738029611
447,san patricio,28.017,-97.5169,12.7,90,100,3.44,US,1738029613
448,mariental,-24.6333,17.9667,25.42,44,100,4.8,NA,1738029614
449,bilhaur,26.85,80.0833,8.9,46,0,1.85,IN,1738029615
450,solnechnyy,50.7214,136.6319,-13.83,87,100,4.81,RU,1738029616
451,xinyang,32.1228,114.0656,3.0,36,0,2.3,CN,1738029618
452,badiyah,22.45,58.8,16.59,58,47,3.01,OM,1738029619
453,castillos,-34.1667,-53.8333,20.49,84,74,4.43,UY,1738029620
454,san miguel de salcedo,-1.0333,-78.5667,11.48,82,20,4.12,EC,1738029621
455,greymouth,-42.4667,171.2,18.42,52,30,3.54,NZ,1738029606
456,kodinsk,58.6881,99.1844,-36.37,100,45,0.98,RU,1738029623
457,praia,14.9215,-23.5087,22.3,73,20,8.23,CV,1738029624
458,ponta delgada,37.7333,-25.6667,15.4,72,20,5.14,PT,1738029625
459,copala,16.65,-98.9833,24.88,81,1,1.01,MX,1738029626
460,yarmouth,41.7057,-70.2286,2.78,64,25,8.94,US,1738029627
461,kotlas,61.2611,46.6556,0.84,99,100,3.02,RU,1738029629
462,atar,20.5169,-13.0499,21.54,15,0,5.49,MR,1738029630
463,ukhta,63.5671,53.6835,-7.19,95,100,3.86,RU,1738029631
464,troitsko-pechorsk,62.7084,56.1964,-8.66,95,100,3.72,RU,1738029632
465,kitami,43.8031,143.8908,-0.3,89,70,5.94,JP,1738029633
466,dakingari,11.6451,4.0605,21.41,14,7,3.34,NG,1738029634
467,newman,37.3138,-121.0208,10.59,52,0,1.34,US,1738029635
468,fort campbell north,36.6543,-87.4606,1.03,44,0,3.6,US,1738029636
469,duba,27.3513,35.6901,19.04,43,27,3.75,SA,1738029637
470,lubao,14.9167,120.55,24.84,65,100,5.02,PH,1738029638
471,waingapu,-9.6567,120.2641,27.89,75,100,1.02,ID,1738029639
472,parfino,57.9731,31.6481,1.82,95,100,2.4,RU,1738029640
473,batticaloa,7.7102,81.6924,25.11,74,100,2.17,LK,1738029641
474,luebo,-5.35,21.4167,20.44,99,95,0.65,CD,1738029642
475,luwuk,-0.9516,122.7875,26.62,76,100,1.25,ID,1738029643
476,bathsheba,13.2167,-59.5167,27.34,74,40,5.66,BB,1738029644
477,kyzyl-mazhalyk,51.1333,90.6,-23.74,100,100,0.13,RU,1738029645
478,ulaangom,49.9811,92.0667,-27.56,95,96,1.28,MN,1738029647
479,saint-mandrier-sur-mer,43.078,5.929,13.44,87,96,2.24,FR,1738029648
480,boyolangu,-8.1181,111.8935,27.29,79,100,0.14,ID,1738029649
481,zhob,31.3411,69.4481,7.77,23,0,1.02,PK,1738029651
482,candolim,15.5181,73.7626,22.0,78,54,1.03,IN,1738029653
483,ain touta,35.3768,5.9,9.44,59,0,2.05,DZ,1738029654
484,balkanabat,39.5108,54.3671,3.58,65,9,1.48,TM,1738029655
485,al bawiti,28.3492,28.8659,12.2,78,100,2.79,EG,1738029656
486,syktyvkar,61.6764,50.8099,-2.15,100,100,1.0,RU,1738029657
487,chemax,20.65,-87.9333,21.21,95,87,1.61,MX,1738029658
488,las khorey,11.1595,48.1967,21.07,65,2,2.5,SO,1738029659
489,aldan,58.6031,125.3894,-26.66,96,100,1.23,RU,1738029660
490,fort bragg,35.139,-79.006,8.91,96,100,3.6,US,1738029442
491,el nido,11.1858,119.3956,28.41,81,66,3.61,PH,1738029663
492,luena,-11.7833,19.9167,16.77,98,100,1.94,AO,1738029664
493,ipueiras,-7.0333,-40.45,21.45,90,15,1.89,BR,1738029665
494,micheweni,-4.9667,39.8333,25.78,84,28,3.57,TZ,1738029666
495,portage la prairie,49.9728,-98.2926,-5.95,79,100,2.57,CA,1738029667
496,galesong,-5.3166,119.3661,26.91,78,100,1.01,ID,1738029668
497,longjiang,47.3303,123.1836,-14.3,80,98,5.0,CN,1738029670
498,kerema,-7.9631,145.7785,30.05,71,90,3.14,PG,1738029671
499,pasighat,28.0667,95.3333,17.6,53,83,1.29,IN,1738029672
500,sao felix do xingu,-6.6447,-51.995,22.12,97,69,0.45,BR,1738029673
501,bolobo,-2.1667,16.2333,22.5,91,100,1.92,CD,1738029674
502,manalongon,9.2209,122.886,26.55,81,100,4.08,PH,1738029675
503,roxas,11.5853,122.7511,25.49,83,100,6.44,PH,1738029676
504,viedma,-40.8135,-62.9967,16.0,51,0,4.39,AR,1738029677
505,kill devil hills,36.0307,-75.676,6.1,93,100,3.6,US,1738029678
506,peskovka,59.0448,52.3606,0.52,98,100,3.66,RU,1738029680
507,sao gabriel da cachoeira,-0.1303,-67.0892,22.88,97,100,0.48,BR,1738029681
508,belyy yar,53.6039,91.3903,-18.06,92,40,2.0,RU,1738029682
509,alice springs,-23.7,133.8833,35.75,23,0,6.69,AU,1738029607
510,rio grande,-32.035,-52.0986,23.73,81,100,6.77,BR,1738029684
511,bardai,11.65,7.2333,17.59,18,100,5.21,NG,1738029685
512,mountain home,43.133,-115.6912,-1.29,46,0,2.06,US,1738029686
513,chililabombwe,-12.3648,27.8229,16.35,98,100,2.09,ZM,1738029687
514,manismata,-2.4667,111.0333,27.11,78,100,2.17,ID,1738029688
515,cadillac,44.2519,-85.4012,-0.05,74,100,7.2,US,1738029689
516,salekhard,66.53,66.6019,-21.18,98,100,3.03,RU,1738029690
517,ankang,32.68,109.0172,4.68,39,0,0.35,CN,1738029691
518,manokwari,-0.8667,134.0833,28.05,71,100,2.54,ID,1738029692
519,patong,7.8961,98.2966,29.45,69,51,10.43,TH,1738029693
520,ndibene dahra,15.3338,-15.4766,24.68,15,0,4.62,SN,1738029694
521,los osos,35.3111,-120.8324,11.56,84,0,3.6,US,1738029696
522,twon-brass,4.3151,6.2418,27.17,79,4,4.95,NG,1738029697
523,annaba,36.9,7.7667,13.98,58,0,5.14,DZ,1738029698
524,urangan,-25.3,152.9,27.92,59,41,3.13,AU,1738029699
525,karatsu,33.4425,129.9697,3.28,34,100,0.45,JP,1738029700
526,debark',13.1561,37.8981,8.42,42,0,1.22,ET,1738029701
527,kirensk,57.7853,108.1119,-32.38,100,39,1.12,RU,1738029702
528,zhalantun,48.0,122.7167,-16.89,83,100,3.27,CN,1738029703
529,nieuw nickerie,5.95,-56.9833,25.46,86,9,4.13,SR,1738029704
530,karratha,-20.7377,116.8463,33.28,60,91,4.5,AU,1738029705
531,presidente bernardes,-22.0061,-51.5531,23.21,93,100,2.54,BR,1738029706
532,murzuq,25.9155,13.9184,12.37,32,0,2.9,LY,1738029707
533,lanzhou,36.0564,103.7922,-4.68,62,1,0.87,CN,1738029708
534,selebi-phikwe,-21.979,27.8498,20.02,79,6,4.24,BW,1738029709
535,tabou,4.423,-7.3528,25.93,85,96,2.03,CI,1738029710
536,maevatanana,-13.8831,48.5289,23.39,97,100,1.16,MG,1738029711
537,prachuap khiri khan,12.2167,99.75,24.55,51,49,3.21,TH,1738029639
538,mogadishu,2.0371,45.3438,24.01,82,6,7.33,SO,1738029611
539,mega,4.05,38.3,18.59,44,71,1.7,ET,1738029715
540,fray luis beltran,-39.3167,-65.7667,23.67,15,0,6.45,AR,1738029716
541,lorengau,-2.0226,147.2712,30.22,66,12,3.78,PG,1738029717
542,cimitarra,6.3142,-73.9497,25.7,84,100,1.75,CO,1738029718
543,eirunepe,-6.6603,-69.8736,22.4,98,81,1.01,BR,1738029719
544,mount pearl,47.5166,-52.7813,-3.81,87,40,4.63,CA,1738029720
545,isangel,-19.55,169.2667,30.06,74,75,1.03,VU,1738029721
546,l'govskiy,51.6307,35.2775,3.55,91,31,4.33,RU,1738029722
547,abbeville,50.1,1.8333,7.49,71,100,9.92,FR,1738029604
548,jega,12.2175,4.3792,20.39,15,1,4.73,NG,1738029724
549,carolina,18.3808,-65.9574,25.21,86,2,1.79,PR,1738029725
550,pacific grove,36.6177,-121.9166,10.24,82,0,0.89,US,1738029726
551,ibshaway,29.358,30.6814,13.35,78,100,4.02,EG,1738029727
552,mahibadhoo,3.7833,72.9667,24.92,79,100,1.56,MV,1738029728
553,antsiranana,-12.2787,49.2917,24.9,87,73,2.42,MG,1738029729
554,ghat,24.9647,10.1728,13.19,36,0,1.41,LY,1738029730
555,puerto real,36.5282,-6.1901,15.09,67,20,4.63,ES,1738029731
556,bubaque,11.2833,-15.8333,24.38,80,11,3.32,GW,1738029733
557,lichinga,-13.3128,35.2406,16.98,96,100,2.37,MZ,1738029734
558,jhingergacha,23.1131,89.0938,17.03,39,0,0.31,BD,1738029735
559,lhasa,29.65,91.1,-2.48,17,0,1.45,CN,1738029736
560,tupiza,-21.45,-65.7167,12.04,74,100,1.06,BO,1738029737
561,rethel,49.5,4.3333,6.99,84,100,5.89,FR,1738029738
562,arkalyk,50.2486,66.9114,-16.04,99,100,5.02,KZ,1738029740
563,bucyrus,40.8084,-82.9755,-0.59,56,100,9.32,US,1738029741
564,acarau,-2.8856,-40.12,25.17,89,32,4.48,BR,1738029742
565,saint-philippe,-21.3585,55.7679,26.02,81,69,3.72,RE,1738029743
566,bayanhongor,46.7167,100.1167,-28.62,90,35,0.92,MN,1738029746
567,salaga,8.5508,-0.5188,25.84,10,25,2.42,GH,1738029747
568,timimoun,29.2639,0.231,12.21,43,0,2.06,DZ,1738029748
569,bodo,67.28,14.405,1.02,51,0,11.32,NO,1738029749
570,sainte-anne-des-plaines,45.7647,-73.8116,-0.84,82,100,13.2,CA,1738029751
571,pyt-yakh,60.7499,72.8582,-14.89,98,93,1.59,RU,1738029752
572,puerto yuca,2.9383,-73.2083,25.53,61,78,1.26,CO,1738029753
573,george town,5.4112,100.3354,26.96,58,20,1.54,MY,1738029536
574,iquique,-20.2208,-70.1431,20.52,78,76,0.58,CL,1738029755
